{
  "LightGBM": {
    "best_value": 0.984639095948163,
    "best_params": {
      "n_estimators": 383,
      "learning_rate": 0.02435000636897718,
      "num_leaves": 143,
      "max_depth": 7,
      "min_child_samples": 18,
      "reg_alpha": 9.149877525022172e-05,
      "reg_lambda": 1.8841183049085085e-08,
      "subsample": 0.9637281608315128,
      "colsample_bytree": 0.7035119926400067
    }
  },
  "CatBoost": {
    "best_value": 0.9850790163726731,
    "best_params": {
      "iterations": 567,
      "learning_rate": 0.02649083634077794,
      "depth": 6,
      "l2_leaf_reg": 0.1256277350380703
    }
  },
  "XGBoost": {
    "best_value": 0.9847988578281133,
    "best_params": {
      "n_estimators": 663,
      "learning_rate": 0.0214002921660987,
      "max_depth": 6,
      "min_child_weight": 5.315641221366691,
      "subsample": 0.8056891692692756,
      "colsample_bytree": 0.8250489796177416,
      "reg_alpha": 0.9883243810305368,
      "reg_lambda": 0.0011063271904646274
    }
  },
  "ExtraTrees": {
    "best_value": 0.9844615975028578,
    "best_params": {
      "n_estimators": 789,
      "max_depth": 18,
      "min_samples_leaf": 4,
      "min_samples_split": 2,
      "max_features": 0.9978587405250818
    }
  }
}