horizon,model,cv_auc
t0,LightGBM,0.847555567024534
t0,CatBoost,0.8446856645718699
t0,XGBoost,0.8451071120519782
t0,ExtraTrees,0.8269208490899898
