horizon,model,cv_auc
t1,LightGBM,0.9369854868525522
t1,CatBoost,0.9353261647047312
t1,XGBoost,0.9352321800007587
t1,ExtraTrees,0.9310047743964665
