horizon,model,cv_auc
t2,LightGBM,0.9520021426184323
t2,CatBoost,0.9530972140316187
t2,XGBoost,0.9528998307718333
t2,ExtraTrees,0.9504110398645352
