fold,val_auc
0,0.9478902639033845
1,0.9461259380746484
2,0.9495756489708554
3,0.9697603225565594
4,0.9518039210792328
