fold,val_auc
0,0.820784255255703
1,0.864345708463794
2,0.8541277781925882
3,0.8337564399313074
4,0.8615017908175362
