fold,val_auc
0,0.9306570249987574
1,0.933875055911734
2,0.9350158042758655
3,0.9454068045496404
4,0.9351062634935294
