horizon,incumbent_meta_learner,incumbent_cv_auc,tarb_cv_auc,tarb_test_auc,backbone_selected
t0,CatBoost,0.8495391880838244,0.8460352847799003,0.8626521572876171,CatBoost
t1,CatBoost,0.9379997678348241,0.9354866208100738,0.9542731502134982,CatBoost
t2,CatBoost,0.9546357679101245,0.9526428218736809,0.9776464215155184,CatBoost
