horizon,alpha,qhat,coverage,avg_set_size
t0,0.1,0.6774461436924434,0.9008264462809917,1.2741046831955922
t1,0.1,0.45252484489046746,0.8953168044077136,0.9862258953168044
t2,0.1,0.4053498517526378,0.918732782369146,0.9628099173553719
