horizon,best_single_model,best_single_auc,mean_blend_auc,stacking_auc,meta_learner,gain_vs_best_single,gain_vs_mean_blend
t0,TabPFN,0.8631699700465234,0.8537059460837423,0.8545025810974446,CatBoost,-0.008667388949078814,0.000796635013702307
t1,TabPFN,0.9542094194124021,0.9493101140781339,0.9469361417373016,CatBoost,-0.0072732776751005535,-0.0023739723408323643
t2,TabPFN,0.9773596329105858,0.9741412274552291,0.9736473137467337,CatBoost,-0.0037123191638520625,-0.000493913708495386
