horizon,family,mean_abs_shap
t0,Academic Preparation,0.17009454906115618
t0,Financial/Macro,0.14378336862344848
t0,Demographics,0.11979822475599516
t0,Course/Family,0.11327526701294387
t0,Other,0.024338192715995993
t0,Risk Composite,0.0
