horizon,family,mean_abs_shap
t2,Risk Composite,0.7126549368872535
t2,Academic Preparation,0.13040975451679468
t2,2nd-Semester,0.12822370635494626
t2,Financial/Macro,0.08796916348943515
t2,Course/Family,0.06427122942724553
t2,1st-Semester,0.04885768496612827
t2,Demographics,0.019281897721935216
t2,Other,0.004347853089335279
