horizon,et_auc (stacking base learner),hgb_auc (reference only)
t0,0.8278471735389714,0.8257838888534831
t1,0.9439646931361928,0.9449047224523611
t2,0.97371104454783,0.9725081256771397
