archetype_id,label,n_students,pct_of_cohort,mean_dropout_prob,true_dropout_rate,mean_shap__1st-Semester,mean_shap__2nd-Semester,mean_shap__Academic Preparation,mean_shap__Course/Family,mean_shap__Demographics,mean_shap__Financial/Macro,mean_shap__Other,mean_shap__Risk Composite
3,High-Risk: 2nd-Semester + Risk Composite,155,21.349862258953166,0.8923231813369783,0.967741935483871,0.3709643288794944,3.5136024440509113,0.0023938028977910767,0.047591210208432086,0.03407664269435033,-0.0876961480981267,0.010859172449580654,2.4050849102250282
0,High-Risk: 2nd-Semester + Financial/Macro,101,13.911845730027547,0.8452870222293168,0.9603960396039604,0.29708349634596964,2.303429086114407,0.06289611713614358,0.031102125299456003,0.05724060618647523,2.2915644417216385,0.005888035813326046,0.8287937645052216
2,Low-Risk: Other,140,19.28374655647383,0.19577000312445106,0.09285714285714286,-0.05303565632215363,-1.1828687893661851,-0.5564136918475183,-0.06510539076552446,-0.03272302349715796,-0.2374286754339788,0.001085420871029766,-1.0923538909712909
1,Low-Risk: Academic Preparation + Other,330,45.45454545454545,0.19230846272194912,0.07272727272727272,-0.21164411239781353,-1.4362030762581415,0.16810717347228252,-0.005059216875230546,-0.005594473688870102,-0.3506139812024112,0.0020652263524584664,-0.9911364916910873
