horizon,model,cv_auc
t2,LightGBM,0.984639095948163
t2,CatBoost,0.9850790163726731
t2,XGBoost,0.9847988578281133
t2,ExtraTrees,0.9844615975028578
