horizon,model,cv_auc
t1,LightGBM,0.968285726252517
t1,CatBoost,0.9688290835456017
t1,XGBoost,0.9684143985801853
t1,ExtraTrees,0.966949332198
