horizon,model,cv_auc
t0,LightGBM,0.9683185111010382
t0,CatBoost,0.9687944765067961
t0,XGBoost,0.9684797977768097
t0,ExtraTrees,0.9673376030333051
