fold,val_auc
0,0.9693078963261493
1,0.9710836136394582
2,0.9736187146115552
3,0.9707579745647869
4,0.9703978161159179
