fold,val_auc
0,0.9697754098072289
1,0.9712880530630408
2,0.9737540954663051
3,0.9709523871573021
4,0.9706292348587511
