fold,val_auc
0,0.985320754249871
1,0.9861201397589074
2,0.986674237049401
3,0.9870641353069947
4,0.9848721724173878
