horizon,incumbent_meta_learner,incumbent_cv_auc,tarb_cv_auc,tarb_test_auc,backbone_selected
t0,LightGBM,0.9711396455589145,0.9712623239538726,0.980739174909987,TARB
t1,CatBoost,0.9706452063266708,0.970968000822856,0.9807154737181262,TARB
t2,LightGBM,0.9860027965183432,0.9859958892047285,0.9952798561165905,LightGBM
