horizon,alpha,qhat,coverage,avg_set_size
t0,0.1,0.43330659826189566,0.9171293440263212,0.9738844334772774
t1,0.1,0.436012146988347,0.9171293440263212,0.9747069710055521
t2,0.1,0.24706622446182808,0.9259716224552745,0.9374871478511208
