horizon,best_single_model,best_single_auc,mean_blend_auc,stacking_auc,meta_learner,gain_vs_best_single,gain_vs_mean_blend
t0,TabPFN,0.9807123822583184,0.9795202810068266,0.980739174909987,TARB,2.679265166860567e-05,0.001218893903160323
t1,TabPFN,0.9807101495373459,0.979509804393033,0.9807154737181262,TARB,5.324180780252874e-06,0.0012056693250931394
t2,TabPFN,0.9952449913198679,0.9942615636054115,0.99483133682279,LightGBM,-0.0004136544970778644,0.0005697732173784997
