horizon,family,mean_abs_shap
t2,Financial/Macro,0.16247358412264937
t2,2nd-Semester,0.14139499703500513
t2,Other,0.07044093749778736
t2,Course/Family,0.05275130213462009
t2,1st-Semester,0.023381050597185506
t2,Academic Preparation,0.019780274654569066
t2,Demographics,0.007929451142276845
t2,Risk Composite,0.005664981935633021
