horizon,family,mean_abs_shap
t0,1st-Semester,0.5453419816558505
t0,Other,0.35315444756843917
t0,Financial/Macro,0.21164773790119276
t0,Course/Family,0.06670740413028609
t0,Academic Preparation,0.03032563380612715
t0,Demographics,0.018221024731394166
t0,Risk Composite,0.0
