horizon,et_auc (stacking base learner),hgb_auc (reference only)
t0,0.9782130228774896,0.9784810352680604
t1,0.9781821082794104,0.97840031381752
t2,0.9941858228401174,0.9926557219829585
