archetype_id,label,n_students,pct_of_cohort,mean_dropout_prob,true_dropout_rate,mean_shap__1st-Semester,mean_shap__2nd-Semester,mean_shap__Academic Preparation,mean_shap__Course/Family,mean_shap__Demographics,mean_shap__Financial/Macro,mean_shap__Other,mean_shap__Risk Composite
1,High-Risk: 2nd-Semester + Financial/Macro,2292,47.13140037014189,0.9954213670371568,0.9986910994764397,0.27030761894202676,3.014787471925445,0.0056044878344273,0.1772066060345132,0.0011631964803586635,2.7673195423730723,0.39371356986625683,0.00293741687152758
2,High-Risk: 2nd-Semester + 1st-Semester,167,3.434094180546987,0.7010536921583496,0.7365269461077845,0.5150245430685809,0.6934036743839657,-0.0007300942632517367,-0.03282909178917156,0.001214712866864167,-1.1161405225601528,-0.31557019522239127,0.05731204217857574
0,Low-Risk: Course/Family + Academic Preparation,1302,26.773596545342382,0.1642194870249923,0.15514592933947774,-0.13118497413860977,-3.666193332101686,0.011247897864881593,0.6289840615565061,0.0070127543598157505,-1.4479225749386602,-0.5670194660346914,-0.00787881043900458
3,Low-Risk: Demographics,1102,22.660908903968743,0.1074730236119054,0.10617059891107078,-0.12397234748231702,-2.9182752007423916,-0.008904198843645706,-0.6105551525110146,-0.0023754625621715763,-1.490416548174928,-0.3478247116617241,-0.004273038847812584
